{"run1":{"fan_out":{"n":[100000,100000,100000,100000,100000,100000,100000,100000,100000,100000],"perc_999":[82817,75474,91737,136002,81467,78375,79251,103329,76420,74599],"perc_99":[50906,55715,65094,69432,49206,69562,67502,74478,65289,64007],"perc_95":[38719,40683,42896,38181,39246,47753,47256,49728,43013,43391],"perc_90":[34228,34194,36150,33480,33311,39884,39646,39687,34534,34882],"perc_75":[29113,28564,29099,27927,28120,31174,30778,30144,28391,28031],"perc_50":[22678,22450,22439,21689,22249,24166,24318,23314,22555,22240],"kurtosis":[3.1801427755119294,2.1393643623169734,3.9936777769699745,19.86970441495831,3.725161534318495,2.043399828319928,2.145419532138445,4.632591227984977,2.7824735884423193,2.3218049742375326],"skewness":[0.7603577483050892,0.8162991540492632,1.2674794507484848,2.906735666758138,0.9790391777311421,1.0287648499957989,1.0098302470796843,1.5530698815591297,1.0896993715500283,1.0380770516605182],"standard_deviation":[10491.045809107078,10770.403380215723,12113.479333327896,12752.95912406689,10773.676440736346,13063.610098350084,12547.58062370156,14048.295743693145,11651.287677803584,11630.48607166642],"variance":[110062042.16878319,116001588.97256227,146736381.55896205,162637966.42012095,116072104.04967737,170657908.80171427,157441779.50829083,197354613.30226693,135752504.55093765,135268206.26322663],"median":[22678,22450,22439,21689,22249,24166,24318,23314,22555,22240],"harmonic_mean":[15746.156201679361,15631.839872079398,15384.938778949738,14881.639633997698,14930.854158331114,16614.633745784606,16989.765448813374,15929.876050280778,15314.115723705836,15101.289216499757],"geometric_mean":[19597.871016322188,19535.41695520648,19650.506088432692,18737.022176405564,18943.52972450056,21085.707848806396,21417.108922609255,20519.60417040229,19396.782169572736,19212.404459531754],"arithmetic_mean":[22486.23015,22484.96905,23034.29803,22017.42556,21978.39284,24762.83259,24848.15628,24448.25923,22638.44285,22472.85304],"max":[103470,77845,101214,147549,86260,93548,104747,121358,79301,79673],"min":[756,816,813,921,835,911,957,907,816,819]},"fan_in":{"n":[100000,100000,100000,100000,100000,100000,100000,100000,100000,100000],"perc_999":[24088,37109,22850,19082,18666,16683,23720,20580,19429,34171],"perc_99":[9458,16748,9520,13111,10067,8512,9834,10012,11526,13340],"perc_95":[4824,6096,5181,5861,4989,4621,4697,4942,4925,5877],"perc_90":[3387,3934,3640,4023,3575,3385,3269,3359,3460,4001],"perc_75":[1562,1883,1592,1814,1689,1561,1372,1340,1590,1866],"perc_50":[795,841,769,810,841,774,736,740,818,867],"kurtosis":[48.26981889535484,50.629928841599444,33.39993238624168,17.51351575348101,22.908087890826486,30.758883475198857,49.10446096719515,31.34546361491082,25.449484064196543,51.21108726780604],"skewness":[5.439106601109159,6.1880460459679645,4.46954795126266,3.6798730028927005,3.944461557771798,4.11932274735423,5.515516322175399,4.5231467891349695,4.287958656118584,5.959791322703373],"standard_deviation":[2056.673826031774,3240.1486715893025,2015.9915023958022,2352.3299349455774,1948.6878564791489,1769.5720363696776,2019.663480952871,1963.9209153452346,2071.3568047501644,2847.214701052776],"variance":[4229907.226684175,10498563.414001921,4064221.7377320835,5533456.122841064,3797384.3619892998,3131385.191901528,4079040.5762946676,3856985.361730464,4290519.012584811,8106631.553891049],"median":[795,841,769,810,841,774,736,740,818,867],"harmonic_mean":[684.7462231680581,707.3325309743085,671.4223978042872,696.450764812396,706.8729487463419,665.6514553067901,649.8414035661355,635.2895177632063,687.3759367511228,722.5107984762614],"geometric_mean":[934.6085896348131,1021.7193783854553,929.1732922483604,995.7104952232343,976.6169384259641,912.5358630632223,877.4901471359564,866.9203065117239,950.0728184898807,1035.4648322643193],"arithmetic_mean":[1476.42646,1833.8115,1498.49192,1687.7504,1531.29679,1418.34389,1398.86572,1397.55782,1517.80114,1776.4607],"max":[42947,46140,35850,24401,23921,45018,34178,31309,26963,41937],"min":[123,117,117,122,125,126,107,122,127,120]}},"run2":{"fan_out":{"n":[100000,100000,100000,100000,100000,100000,100000,100000,100000,100000],"perc_999":[75427,83170,93818,88341,73503,75249,90705,81097,98830,79819],"perc_99":[68123,75216,73999,69585,66213,70312,70936,71764,76070,72761],"perc_95":[45556,57279,51782,42949,42867,52512,46317,54618,45563,50963],"perc_90":[37568,44059,37504,34059,34361,42765,35305,42123,35332,38690],"perc_75":[29438,31512,28365,27967,27986,29655,28754,31985,28743,29309],"perc_50":[22517,23470,22404,21591,22237,23059,22535,23574,22658,22493],"kurtosis":[2.131881197952416,1.9845379637702152,3.895005545266814,4.504644356610885,2.7133845529633787,1.75918166723734,3.8252754416854016,1.8566878197789327,5.9167147718054665,2.8578927917893253],"skewness":[1.0404900851953314,1.221492422844037,1.5714594663490322,1.5261404163312393,1.1046111911946377,1.144402440081335,1.459779386775414,1.122936365024074,1.7511282539155002,1.3477981610706176],"standard_deviation":[12525.998063645315,15065.01437800872,13922.365176236273,12514.685881701049,11824.642105697549,14010.885793666805,13052.212105011911,14443.541509182282,13457.602168080744,13604.770378594134],"variance":[156900627.49044615,226954658.20960948,193832252.1004765,156617362.71764755,139822160.92783535,196304920.72317427,170360240.83421946,208615891.32747158,181107056.11433157,185089777.05427238],"median":[22517,23470,22404,21591,22237,23059,22535,23574,22658,22493],"harmonic_mean":[14810.117057839614,15253.743923960332,14871.738328518626,14520.879461611697,14378.962908224848,15312.814905502515,14741.157015496508,15561.345409385587,14798.532397949248,14977.361551681162],"geometric_mean":[19564.191130717292,20793.14056200655,19610.507822818807,18911.997650694753,18869.841079816004,20232.023761725977,19539.154126049263,20943.859315577414,19521.31923581408,19785.331772271624],"arithmetic_mean":[23247.51042,25351.20967,23549.52371,22406.62108,22301.48117,24351.33699,23246.96858,25261.45161,23300.92971,23701.03589],"max":[78899,91297,116608,90730,74861,84681,98855,104075,102043,82592],"min":[626,601,628,522,570,523,577,640,542,648]},"fan_in":{"n":[100000,100000,100000,100000,100000,100000,100000,100000,100000,100000],"perc_999":[17349,34658,28338,25943,24446,19757,20963,25866,17761,22365],"perc_99":[10610,12283,12492,9744,8822,8567,9627,8191,9299,11126],"perc_95":[5918,5637,5642,4980,4539,4538,4420,4555,4776,5526],"perc_90":[4281,3687,4106,3539,3131,3190,2972,3039,3255,3761],"perc_75":[2139,1764,1899,1632,1381,1460,1289,1321,1403,1623],"perc_50":[892,834,795,828,735,754,659,727,725,780],"kurtosis":[13.34427328900718,59.31891416261136,36.985243651893775,53.456084923797626,90.40662542467005,43.73638478297001,37.41405487915922,64.24161617843532,28.64987002641202,29.657382817312715],"skewness":[3.0484153418956588,6.342576774058642,4.887784777124409,5.81920798034396,7.135970699494202,5.068672601011235,4.941890111252796,6.3907763657296,4.281197294450482,4.454740802309516],"standard_deviation":[2165.345943828331,2735.253911272914,2469.1113514915614,2206.712781658839,2076.094841069011,1833.9993317270155,1878.3063958859736,1968.5126987827182,1868.3510071025082,2233.6931200726663],"variance":[4688723.056453807,7481613.959133775,6096510.866064484,4869581.300736491,4310169.789113363,3363553.5487751393,3528034.916826156,3875042.2452688203,3490735.485740957,4989384.954659963],"median":[892,834,795,828,735,754,659,727,725,780],"harmonic_mean":[698.4906646485346,681.4381872330807,667.2814657917331,691.0644503582845,631.3335167983959,650.2915625992862,579.3274683783533,631.502414191878,635.1048799785115,652.2804961419076],"geometric_mean":[1039.0537915170341,976.3321315787357,973.6927163977559,959.4820093989796,861.011321017494,885.1359514970042,790.9678503776742,848.1921432863995,866.3004795035238,929.4843939346728],"arithmetic_mean":[1744.92988,1678.13541,1684.32864,1535.82146,1378.03761,1376.7006,1289.32958,1333.72395,1381.04188,1564.29012],